<?xml version="1.0"?>
<Runs Version="1" Minor="0">
	<Run Id="mbblockdesign_ilmb_bram_if_cntlr_0_synth_1" LaunchDir="/home/xuser/pmod-maxsonar-pmod-clp/Quellcode/src/hw-platform/hw-platform.runs/mbblockdesign_ilmb_bram_if_cntlr_0_synth_1" FlowId="Vivado_Synthesis" FromStepId="vivado" ToStepId="vivado"/>
	<Run Id="mbblockdesign_ilmb_v10_0_synth_1" LaunchDir="/home/xuser/pmod-maxsonar-pmod-clp/Quellcode/src/hw-platform/hw-platform.runs/mbblockdesign_ilmb_v10_0_synth_1" FlowId="Vivado_Synthesis" FromStepId="vivado" ToStepId="vivado"/>
	<Run Id="mbblockdesign_dlmb_v10_0_synth_1" LaunchDir="/home/xuser/pmod-maxsonar-pmod-clp/Quellcode/src/hw-platform/hw-platform.runs/mbblockdesign_dlmb_v10_0_synth_1" FlowId="Vivado_Synthesis" FromStepId="vivado" ToStepId="vivado" IsOrderedIPRun="true">
		<Parent Id="mbblockdesign_ilmb_v10_0_synth_1"/>
	</Run>
	<Run Id="mbblockdesign_microblaze_0_axi_intc_0_synth_1" LaunchDir="/home/xuser/pmod-maxsonar-pmod-clp/Quellcode/src/hw-platform/hw-platform.runs/mbblockdesign_microblaze_0_axi_intc_0_synth_1" FlowId="Vivado_Synthesis" FromStepId="vivado" ToStepId="vivado"/>
	<Run Id="mbblockdesign_lmb_bram_0_synth_1" LaunchDir="/home/xuser/pmod-maxsonar-pmod-clp/Quellcode/src/hw-platform/hw-platform.runs/mbblockdesign_lmb_bram_0_synth_1" FlowId="Vivado_Synthesis" FromStepId="vivado" ToStepId="vivado"/>
	<Run Id="mbblockdesign_util_vector_logic_0_0_synth_1" LaunchDir="/home/xuser/pmod-maxsonar-pmod-clp/Quellcode/src/hw-platform/hw-platform.runs/mbblockdesign_util_vector_logic_0_0_synth_1" FlowId="Vivado_Synthesis" FromStepId="vivado" ToStepId="vivado"/>
	<Run Id="mbblockdesign_mdm_1_0_synth_1" LaunchDir="/home/xuser/pmod-maxsonar-pmod-clp/Quellcode/src/hw-platform/hw-platform.runs/mbblockdesign_mdm_1_0_synth_1" FlowId="Vivado_Synthesis" FromStepId="vivado" ToStepId="vivado"/>
	<Run Id="mbblockdesign_rst_clk_wiz_0_100M_0_synth_1" LaunchDir="/home/xuser/pmod-maxsonar-pmod-clp/Quellcode/src/hw-platform/hw-platform.runs/mbblockdesign_rst_clk_wiz_0_100M_0_synth_1" FlowId="Vivado_Synthesis" FromStepId="vivado" ToStepId="vivado"/>
	<Run Id="mbblockdesign_dlmb_bram_if_cntlr_0_synth_1" LaunchDir="/home/xuser/pmod-maxsonar-pmod-clp/Quellcode/src/hw-platform/hw-platform.runs/mbblockdesign_dlmb_bram_if_cntlr_0_synth_1" FlowId="Vivado_Synthesis" FromStepId="vivado" ToStepId="vivado"/>
	<Run Id="mbblockdesign_clk_wiz_0_1_synth_1" LaunchDir="/home/xuser/pmod-maxsonar-pmod-clp/Quellcode/src/hw-platform/hw-platform.runs/mbblockdesign_clk_wiz_0_1_synth_1" FlowId="Vivado_Synthesis" FromStepId="vivado" ToStepId="vivado"/>
	<Run Id="mbblockdesign_microblaze_0_0_synth_1" LaunchDir="/home/xuser/pmod-maxsonar-pmod-clp/Quellcode/src/hw-platform/hw-platform.runs/mbblockdesign_microblaze_0_0_synth_1" FlowId="Vivado_Synthesis" FromStepId="vivado" ToStepId="vivado"/>
	<Run Id="mbblockdesign_xbar_0_synth_1" LaunchDir="/home/xuser/pmod-maxsonar-pmod-clp/Quellcode/src/hw-platform/hw-platform.runs/mbblockdesign_xbar_0_synth_1" FlowId="Vivado_Synthesis" FromStepId="vivado" ToStepId="vivado"/>
	<Run Id="mbblockdesign_axi_timer_0_0_synth_1" LaunchDir="/home/xuser/pmod-maxsonar-pmod-clp/Quellcode/src/hw-platform/hw-platform.runs/mbblockdesign_axi_timer_0_0_synth_1" FlowId="Vivado_Synthesis" FromStepId="vivado" ToStepId="vivado"/>
	<Run Id="mbblockdesign_ad_0_0_synth_1" LaunchDir="/home/xuser/pmod-maxsonar-pmod-clp/Quellcode/src/hw-platform/hw-platform.runs/mbblockdesign_ad_0_0_synth_1" FlowId="Vivado_Synthesis" FromStepId="vivado" ToStepId="vivado"/>
	<Run Id="mbblockdesign_as_1_0_synth_1" LaunchDir="/home/xuser/pmod-maxsonar-pmod-clp/Quellcode/src/hw-platform/hw-platform.runs/mbblockdesign_as_1_0_synth_1" FlowId="Vivado_Synthesis" FromStepId="vivado" ToStepId="vivado"/>
	<Run Id="synth_1" LaunchDir="/home/xuser/pmod-maxsonar-pmod-clp/Quellcode/src/hw-platform/hw-platform.runs/synth_1" FlowId="Vivado_Synthesis" FromStepId="vivado" ToStepId="vivado">
		<Parent Id="mbblockdesign_ilmb_bram_if_cntlr_0_synth_1"/>
		<Parent Id="mbblockdesign_ilmb_v10_0_synth_1"/>
		<Parent Id="mbblockdesign_dlmb_v10_0_synth_1"/>
		<Parent Id="mbblockdesign_microblaze_0_axi_intc_0_synth_1"/>
		<Parent Id="mbblockdesign_lmb_bram_0_synth_1"/>
		<Parent Id="mbblockdesign_util_vector_logic_0_0_synth_1"/>
		<Parent Id="mbblockdesign_mdm_1_0_synth_1"/>
		<Parent Id="mbblockdesign_rst_clk_wiz_0_100M_0_synth_1"/>
		<Parent Id="mbblockdesign_dlmb_bram_if_cntlr_0_synth_1"/>
		<Parent Id="mbblockdesign_clk_wiz_0_1_synth_1"/>
		<Parent Id="mbblockdesign_microblaze_0_0_synth_1"/>
		<Parent Id="mbblockdesign_xbar_0_synth_1"/>
		<Parent Id="mbblockdesign_axi_timer_0_0_synth_1"/>
		<Parent Id="mbblockdesign_ad_0_0_synth_1"/>
		<Parent Id="mbblockdesign_as_1_0_synth_1"/>
	</Run>
	<Run Id="impl_1" LaunchDir="/home/xuser/pmod-maxsonar-pmod-clp/Quellcode/src/hw-platform/hw-platform.runs/impl_1" FlowId="Vivado_Implementation" FromStepId="init_design" ToStepId="write_bitstream">
		<Parent Id="synth_1"/>
		<Parent Id="mbblockdesign_ilmb_bram_if_cntlr_0_synth_1"/>
		<Parent Id="mbblockdesign_ilmb_v10_0_synth_1"/>
		<Parent Id="mbblockdesign_dlmb_v10_0_synth_1"/>
		<Parent Id="mbblockdesign_microblaze_0_axi_intc_0_synth_1"/>
		<Parent Id="mbblockdesign_lmb_bram_0_synth_1"/>
		<Parent Id="mbblockdesign_util_vector_logic_0_0_synth_1"/>
		<Parent Id="mbblockdesign_mdm_1_0_synth_1"/>
		<Parent Id="mbblockdesign_rst_clk_wiz_0_100M_0_synth_1"/>
		<Parent Id="mbblockdesign_dlmb_bram_if_cntlr_0_synth_1"/>
		<Parent Id="mbblockdesign_clk_wiz_0_1_synth_1"/>
		<Parent Id="mbblockdesign_microblaze_0_0_synth_1"/>
		<Parent Id="mbblockdesign_xbar_0_synth_1"/>
		<Parent Id="mbblockdesign_axi_timer_0_0_synth_1"/>
		<Parent Id="mbblockdesign_ad_0_0_synth_1"/>
		<Parent Id="mbblockdesign_as_1_0_synth_1"/>
	</Run>
	<Parameters>
		<Parameter Name="runs.monitorLSFJobs" Val="true" Type="bool"/>
		<Parameter Name="runs.enableClusterConf" Val="true" Type="bool"/>
		<Parameter Name="general.ignorePathLengthChecks" Val="true" Type="bool"/>
		<Parameter Name="general.shortenLongPath" Val="true" Type="bool"/>
	</Parameters>
	<ProductInfo Name="vivado"/>
</Runs>

