<?xml version="1.0" encoding="UTF-8"?>
<GenRun Id="impl_1" LaunchPart="xc7a100tcsg324-1" LaunchTime="1750884044">
  <File Type="POSTROUTE-PHYSOPT-RQS-RPT" Name="postroute_physopt_report_qor_suggestions_0.rpt"/>
  <File Type="ROUTE-RQS-RPT" Name="route_report_qor_suggestions_0.rpt"/>
  <File Type="POSTROUTE-PHYSOPT-RQS" Name="mbblockdesign_wrapper_postroute_physopted.rqs"/>
  <File Type="ROUTE-RQS" Name="mbblockdesign_wrapper_routed.rqs"/>
  <File Type="PA-TCL" Name="mbblockdesign_wrapper.tcl"/>
  <File Type="ROUTE-BUS-SKEW-PB" Name="mbblockdesign_wrapper_bus_skew_routed.pb"/>
  <File Type="REPORTS-TCL" Name="mbblockdesign_wrapper_reports.tcl"/>
  <File Type="ROUTE-BUS-SKEW-RPX" Name="mbblockdesign_wrapper_bus_skew_routed.rpx"/>
  <File Type="INIT-TIMING" Name="mbblockdesign_wrapper_timing_summary_init.rpt"/>
  <File Type="OPT-DCP" Name="mbblockdesign_wrapper_opt.dcp"/>
  <File Type="OPT-DRC" Name="mbblockdesign_wrapper_drc_opted.rpt"/>
  <File Type="OPT-METHODOLOGY-DRC" Name="mbblockdesign_wrapper_methodology_drc_opted.rpt"/>
  <File Type="OPT-HWDEF" Name="mbblockdesign_wrapper.hwdef"/>
  <File Type="OPT-TIMING" Name="mbblockdesign_wrapper_timing_summary_opted.rpt"/>
  <File Type="OPT-RQA-PB" Name="mbblockdesign_wrapper_rqa_opted.pb"/>
  <File Type="PWROPT-DCP" Name="mbblockdesign_wrapper_pwropt.dcp"/>
  <File Type="PWROPT-DRC" Name="mbblockdesign_wrapper_drc_pwropted.rpt"/>
  <File Type="PWROPT-TIMING" Name="mbblockdesign_wrapper_timing_summary_pwropted.rpt"/>
  <File Type="PLACE-DCP" Name="mbblockdesign_wrapper_placed.dcp"/>
  <File Type="PLACE-IO" Name="mbblockdesign_wrapper_io_placed.rpt"/>
  <File Type="PLACE-CLK" Name="mbblockdesign_wrapper_clock_utilization_placed.rpt"/>
  <File Type="PLACE-UTIL" Name="mbblockdesign_wrapper_utilization_placed.rpt"/>
  <File Type="PLACE-UTIL-PB" Name="mbblockdesign_wrapper_utilization_placed.pb"/>
  <File Type="PLACE-CTRL" Name="mbblockdesign_wrapper_control_sets_placed.rpt"/>
  <File Type="PLACE-SIMILARITY" Name="mbblockdesign_wrapper_incremental_reuse_placed.rpt"/>
  <File Type="PLACE-PRE-SIMILARITY" Name="mbblockdesign_wrapper_incremental_reuse_pre_placed.rpt"/>
  <File Type="PLACE-TIMING" Name="mbblockdesign_wrapper_timing_summary_placed.rpt"/>
  <File Type="PLACE-RQA-PB" Name="mbblockdesign_wrapper_rqa_placed.pb"/>
  <File Type="POSTPLACE-PWROPT-DCP" Name="mbblockdesign_wrapper_postplace_pwropt.dcp"/>
  <File Type="POSTPLACE-PWROPT-TIMING" Name="mbblockdesign_wrapper_timing_summary_postplace_pwropted.rpt"/>
  <File Type="PHYSOPT-DCP" Name="mbblockdesign_wrapper_physopt.dcp"/>
  <File Type="PHYSOPT-DRC" Name="mbblockdesign_wrapper_drc_physopted.rpt"/>
  <File Type="PHYSOPT-TIMING" Name="mbblockdesign_wrapper_timing_summary_physopted.rpt"/>
  <File Type="ROUTE-ERROR-DCP" Name="mbblockdesign_wrapper_routed_error.dcp"/>
  <File Type="ROUTE-DCP" Name="mbblockdesign_wrapper_routed.dcp"/>
  <File Type="ROUTE-BLACKBOX-DCP" Name="mbblockdesign_wrapper_routed_bb.dcp"/>
  <File Type="ROUTE-DRC" Name="mbblockdesign_wrapper_drc_routed.rpt"/>
  <File Type="ROUTE-DRC-PB" Name="mbblockdesign_wrapper_drc_routed.pb"/>
  <File Type="ROUTE-DRC-RPX" Name="mbblockdesign_wrapper_drc_routed.rpx"/>
  <File Type="ROUTE-METHODOLOGY-DRC" Name="mbblockdesign_wrapper_methodology_drc_routed.rpt"/>
  <File Type="ROUTE-METHODOLOGY-DRC-RPX" Name="mbblockdesign_wrapper_methodology_drc_routed.rpx"/>
  <File Type="ROUTE-METHODOLOGY-DRC-PB" Name="mbblockdesign_wrapper_methodology_drc_routed.pb"/>
  <File Type="ROUTE-PWR" Name="mbblockdesign_wrapper_power_routed.rpt"/>
  <File Type="ROUTE-PWR-SUM" Name="mbblockdesign_wrapper_power_summary_routed.pb"/>
  <File Type="ROUTE-PWR-RPX" Name="mbblockdesign_wrapper_power_routed.rpx"/>
  <File Type="ROUTE-STATUS" Name="mbblockdesign_wrapper_route_status.rpt"/>
  <File Type="ROUTE-STATUS-PB" Name="mbblockdesign_wrapper_route_status.pb"/>
  <File Type="ROUTE-TIMINGSUMMARY" Name="mbblockdesign_wrapper_timing_summary_routed.rpt"/>
  <File Type="ROUTE-TIMING-PB" Name="mbblockdesign_wrapper_timing_summary_routed.pb"/>
  <File Type="ROUTE-TIMING-RPX" Name="mbblockdesign_wrapper_timing_summary_routed.rpx"/>
  <File Type="ROUTE-SIMILARITY" Name="mbblockdesign_wrapper_incremental_reuse_routed.rpt"/>
  <File Type="ROUTE-CLK" Name="mbblockdesign_wrapper_clock_utilization_routed.rpt"/>
  <File Type="ROUTE-BUS-SKEW" Name="mbblockdesign_wrapper_bus_skew_routed.rpt"/>
  <File Type="ROUTE-RQS-PB" Name="mbblockdesign_wrapper_rqs_routed.pb"/>
  <File Type="POSTROUTE-PHYSOPT-DCP" Name="mbblockdesign_wrapper_postroute_physopt.dcp"/>
  <File Type="POSTROUTE-PHYSOPT-BLACKBOX-DCP" Name="mbblockdesign_wrapper_postroute_physopt_bb.dcp"/>
  <File Type="POSTROUTE-PHYSOPT-TIMING" Name="mbblockdesign_wrapper_timing_summary_postroute_physopted.rpt"/>
  <File Type="POSTROUTE-PHYSOPT-TIMING-PB" Name="mbblockdesign_wrapper_timing_summary_postroute_physopted.pb"/>
  <File Type="RDI-RDI" Name="mbblockdesign_wrapper.vdi"/>
  <File Type="POSTROUTE-PHYSOPT-TIMING-RPX" Name="mbblockdesign_wrapper_timing_summary_postroute_physopted.rpx"/>
  <File Type="POSTROUTE-PHYSOPT-BUS-SKEW" Name="mbblockdesign_wrapper_bus_skew_postroute_physopted.rpt"/>
  <File Type="POSTROUTE-PHYSOPT-BUS-SKEW-PB" Name="mbblockdesign_wrapper_bus_skew_postroute_physopted.pb"/>
  <File Type="POSTROUTE-PHYSOPT-BUS-SKEW-RPX" Name="mbblockdesign_wrapper_bus_skew_postroute_physopted.rpx"/>
  <File Type="BG-BIT" Name="mbblockdesign_wrapper.bit"/>
  <File Type="PDI-FILE" Name="mbblockdesign_wrapper.pdi"/>
  <File Type="BG-BIN" Name="mbblockdesign_wrapper.bin"/>
  <File Type="CFI_FILE" Name="mbblockdesign_wrapper.cfi"/>
  <File Type="BITSTR-MSK" Name="mbblockdesign_wrapper.msk"/>
  <File Type="RNPI_FILE" Name="mbblockdesign_wrapper.rnpi"/>
  <File Type="BITSTR-RBT" Name="mbblockdesign_wrapper.rbt"/>
  <File Type="NPI_FILE" Name="mbblockdesign_wrapper.npi"/>
  <File Type="BITSTR-NKY" Name="mbblockdesign_wrapper.nky"/>
  <File Type="RBD_FILE" Name="mbblockdesign_wrapper.rbd"/>
  <File Type="BITSTR-BMM" Name="mbblockdesign_wrapper_bd.bmm"/>
  <File Type="BITSTR-MMI" Name="mbblockdesign_wrapper.mmi"/>
  <File Type="BOOT-PDI-FILE" Name="mbblockdesign_wrapper_boot.pdi"/>
  <File Type="PL-PDI-FILE" Name="mbblockdesign_wrapper_pld.pdi"/>
  <File Type="RCFI_FILE" Name="mbblockdesign_wrapper.rcfi"/>
  <File Type="BG-BGN" Name="mbblockdesign_wrapper.bgn"/>
  <File Type="BITSTR-LTX" Name="debug_nets.ltx"/>
  <File Type="BITSTR-LTX" Name="mbblockdesign_wrapper.ltx"/>
  <File Type="BITSTR-SYSDEF" Name="mbblockdesign_wrapper.sysdef"/>
  <File Type="BG-DRC" Name="mbblockdesign_wrapper.drc"/>
  <File Type="WBT-USG" Name="usage_statistics_webtalk.html"/>
  <FileSet Name="sources" Type="DesignSrcs" RelSrcDir="$PSRCDIR/sources_1" RelGenDir="$PGENDIR/sources_1">
    <Filter Type="Srcs"/>
    <File Path="$PSRCDIR/sources_1/bd/mbblockdesign/mbblockdesign.bd">
      <FileInfo>
        <Attr Name="ImportPath" Val="$PPRDIR/../../../../../../1work/fpgaprog/pf_base_mb_bm_min/pf_base_mb_bm_min.srcs/sources_1/bd/mbblockdesign/mbblockdesign.bd"/>
        <Attr Name="ImportTime" Val="1737538479"/>
        <Attr Name="UsedIn" Val="synthesis"/>
        <Attr Name="UsedIn" Val="implementation"/>
        <Attr Name="UsedIn" Val="simulation"/>
      </FileInfo>
    </File>
    <File Path="$PGENDIR/sources_1/bd/mbblockdesign/hdl/mbblockdesign_wrapper.vhd">
      <FileInfo>
        <Attr Name="ImportPath" Val="$PPRDIR/../../../../../../1work/fpgaprog/pf_base_mb_bm_min/pf_base_mb_bm_min.gen/sources_1/bd/mbblockdesign/hdl/mbblockdesign_wrapper.vhd"/>
        <Attr Name="ImportTime" Val="1722011972"/>
        <Attr Name="UsedIn" Val="synthesis"/>
        <Attr Name="UsedIn" Val="simulation"/>
      </FileInfo>
    </File>
    <Config>
      <Option Name="DesignMode" Val="RTL"/>
      <Option Name="TopModule" Val="mbblockdesign_wrapper"/>
      <Option Name="TopAutoSet" Val="TRUE"/>
    </Config>
  </FileSet>
  <FileSet Name="constrs_in" Type="Constrs" RelSrcDir="$PSRCDIR/constrs_1" RelGenDir="$PGENDIR/constrs_1">
    <Filter Type="Constrs"/>
    <File Path="$PSRCDIR/constrs_1/imports/pf_base_mb_bm_min_given/Arty-A7-100-Master.xdc">
      <FileInfo>
        <Attr Name="ImportPath" Val="$PPRDIR/../../../../../../1work/fpgaprog/pmod-maxsonar-pmod-clp/03_software/combo/pf_base_mb_bm_min_given/Arty-A7-100-Master.xdc"/>
        <Attr Name="ImportTime" Val="1712058204"/>
        <Attr Name="UsedIn" Val="synthesis"/>
        <Attr Name="UsedIn" Val="implementation"/>
      </FileInfo>
    </File>
    <Config>
      <Option Name="ConstrsType" Val="XDC"/>
    </Config>
  </FileSet>
  <FileSet Name="utils" Type="Utils" RelSrcDir="$PSRCDIR/utils_1" RelGenDir="$PGENDIR/utils_1">
    <Filter Type="Utils"/>
    <File Path="$PSRCDIR/utils_1/imports/synth_1/mbblockdesign_wrapper.dcp">
      <FileInfo>
        <Attr Name="ImportPath" Val="$PPRDIR/../../../../../../1work/fpgaprog/pmod-maxsonar-pmod-clp/03_software/combo/pf_base_mb_bm_min/pf_base_mb_bm_min.srcs/utils_1/imports/synth_1/mbblockdesign_wrapper.dcp"/>
        <Attr Name="ImportTime" Val="1722011962"/>
        <Attr Name="UsedIn" Val="synthesis"/>
        <Attr Name="UsedIn" Val="implementation"/>
        <Attr Name="UsedInSteps" Val="synth_1"/>
        <Attr Name="AutoDcp" Val="1"/>
      </FileInfo>
    </File>
    <Config>
      <Option Name="TopAutoSet" Val="TRUE"/>
    </Config>
  </FileSet>
  <Strategy Version="1" Minor="2">
    <StratHandle Name="Vivado Implementation Defaults" Flow="Vivado Implementation 2023"/>
    <Step Id="init_design"/>
    <Step Id="opt_design"/>
    <Step Id="power_opt_design"/>
    <Step Id="place_design"/>
    <Step Id="post_place_power_opt_design"/>
    <Step Id="phys_opt_design"/>
    <Step Id="route_design"/>
    <Step Id="post_route_phys_opt_design"/>
    <Step Id="write_bitstream"/>
  </Strategy>
  <BlockFileSet Type="BlockSrcs" Name="mbblockdesign_xbar_0"/>
  <BlockFileSet Type="BlockSrcs" Name="mbblockdesign_microblaze_0_0"/>
  <BlockFileSet Type="BlockSrcs" Name="mbblockdesign_as_1_0"/>
  <BlockFileSet Type="BlockSrcs" Name="mbblockdesign_dlmb_bram_if_cntlr_0"/>
  <BlockFileSet Type="BlockSrcs" Name="mbblockdesign_rst_clk_wiz_0_100M_0"/>
  <BlockFileSet Type="BlockSrcs" Name="mbblockdesign_dlmb_v10_0"/>
  <BlockFileSet Type="BlockSrcs" Name="mbblockdesign_ilmb_v10_0"/>
  <BlockFileSet Type="BlockSrcs" Name="mbblockdesign_clk_wiz_0_1"/>
  <BlockFileSet Type="BlockSrcs" Name="mbblockdesign_microblaze_0_axi_intc_0"/>
  <BlockFileSet Type="BlockSrcs" Name="mbblockdesign_util_vector_logic_0_0"/>
  <BlockFileSet Type="BlockSrcs" Name="mbblockdesign_ilmb_bram_if_cntlr_0"/>
  <BlockFileSet Type="BlockSrcs" Name="mbblockdesign_lmb_bram_0"/>
  <BlockFileSet Type="BlockSrcs" Name="mbblockdesign_ad_0_0"/>
  <BlockFileSet Type="BlockSrcs" Name="mbblockdesign_axi_timer_0_0"/>
  <BlockFileSet Type="BlockSrcs" Name="mbblockdesign_mdm_1_0"/>
</GenRun>
