<?xml version="1.0" encoding="UTF-8"?>
<GenRun Id="synth_1" LaunchPart="xc7a100tcsg324-1" LaunchTime="1750884044" LaunchIncrCheckpoint="$PSRCDIR/utils_1/imports/synth_1/mbblockdesign_wrapper.dcp">
  <File Type="VDS-TIMING-PB" Name="mbblockdesign_wrapper_timing_summary_synth.pb"/>
  <File Type="VDS-TIMINGSUMMARY" Name="mbblockdesign_wrapper_timing_summary_synth.rpt"/>
  <File Type="PA-TCL" Name="mbblockdesign_wrapper.tcl"/>
  <File Type="RDS-DCP" Name="mbblockdesign_wrapper.dcp"/>
  <File Type="REPORTS-TCL" Name="mbblockdesign_wrapper_reports.tcl"/>
  <File Type="RDS-RDS" Name="mbblockdesign_wrapper.vds"/>
  <File Type="RDS-PROPCONSTRS" Name="mbblockdesign_wrapper_drc_synth.rpt"/>
  <File Type="RDS-UTIL" Name="mbblockdesign_wrapper_utilization_synth.rpt"/>
  <File Type="RDS-UTIL-PB" Name="mbblockdesign_wrapper_utilization_synth.pb"/>
  <FileSet Name="sources" Type="DesignSrcs" RelSrcDir="$PSRCDIR/sources_1" RelGenDir="$PGENDIR/sources_1">
    <Filter Type="Srcs"/>
    <File Path="$PSRCDIR/sources_1/bd/mbblockdesign/mbblockdesign.bd">
      <FileInfo>
        <Attr Name="ImportPath" Val="$PPRDIR/../../../../../../1work/fpgaprog/pf_base_mb_bm_min/pf_base_mb_bm_min.srcs/sources_1/bd/mbblockdesign/mbblockdesign.bd"/>
        <Attr Name="ImportTime" Val="1737538479"/>
        <Attr Name="UsedIn" Val="synthesis"/>
        <Attr Name="UsedIn" Val="implementation"/>
        <Attr Name="UsedIn" Val="simulation"/>
      </FileInfo>
    </File>
    <File Path="$PGENDIR/sources_1/bd/mbblockdesign/hdl/mbblockdesign_wrapper.vhd">
      <FileInfo>
        <Attr Name="ImportPath" Val="$PPRDIR/../../../../../../1work/fpgaprog/pf_base_mb_bm_min/pf_base_mb_bm_min.gen/sources_1/bd/mbblockdesign/hdl/mbblockdesign_wrapper.vhd"/>
        <Attr Name="ImportTime" Val="1722011972"/>
        <Attr Name="UsedIn" Val="synthesis"/>
        <Attr Name="UsedIn" Val="simulation"/>
      </FileInfo>
    </File>
    <Config>
      <Option Name="DesignMode" Val="RTL"/>
      <Option Name="TopModule" Val="mbblockdesign_wrapper"/>
      <Option Name="TopAutoSet" Val="TRUE"/>
    </Config>
  </FileSet>
  <FileSet Name="constrs_in" Type="Constrs" RelSrcDir="$PSRCDIR/constrs_1" RelGenDir="$PGENDIR/constrs_1">
    <Filter Type="Constrs"/>
    <File Path="$PSRCDIR/constrs_1/imports/pf_base_mb_bm_min_given/Arty-A7-100-Master.xdc">
      <FileInfo>
        <Attr Name="ImportPath" Val="$PPRDIR/../../../../../../1work/fpgaprog/pmod-maxsonar-pmod-clp/03_software/combo/pf_base_mb_bm_min_given/Arty-A7-100-Master.xdc"/>
        <Attr Name="ImportTime" Val="1712058204"/>
        <Attr Name="UsedIn" Val="synthesis"/>
        <Attr Name="UsedIn" Val="implementation"/>
      </FileInfo>
    </File>
    <Config>
      <Option Name="ConstrsType" Val="XDC"/>
    </Config>
  </FileSet>
  <FileSet Name="utils" Type="Utils" RelSrcDir="$PSRCDIR/utils_1" RelGenDir="$PGENDIR/utils_1">
    <Filter Type="Utils"/>
    <File Path="$PSRCDIR/utils_1/imports/synth_1/mbblockdesign_wrapper.dcp">
      <FileInfo>
        <Attr Name="ImportPath" Val="$PPRDIR/../../../../../../1work/fpgaprog/pmod-maxsonar-pmod-clp/03_software/combo/pf_base_mb_bm_min/pf_base_mb_bm_min.srcs/utils_1/imports/synth_1/mbblockdesign_wrapper.dcp"/>
        <Attr Name="ImportTime" Val="1722011962"/>
        <Attr Name="UsedIn" Val="synthesis"/>
        <Attr Name="UsedIn" Val="implementation"/>
        <Attr Name="UsedInSteps" Val="synth_1"/>
        <Attr Name="AutoDcp" Val="1"/>
      </FileInfo>
    </File>
    <Config>
      <Option Name="TopAutoSet" Val="TRUE"/>
    </Config>
  </FileSet>
  <Strategy Version="1" Minor="2">
    <StratHandle Name="Vivado Synthesis Defaults" Flow="Vivado Synthesis 2023"/>
    <Step Id="synth_design"/>
  </Strategy>
  <BlockFileSet Type="BlockSrcs" Name="mbblockdesign_xbar_0"/>
  <BlockFileSet Type="BlockSrcs" Name="mbblockdesign_microblaze_0_0"/>
  <BlockFileSet Type="BlockSrcs" Name="mbblockdesign_as_1_0"/>
  <BlockFileSet Type="BlockSrcs" Name="mbblockdesign_dlmb_bram_if_cntlr_0"/>
  <BlockFileSet Type="BlockSrcs" Name="mbblockdesign_rst_clk_wiz_0_100M_0"/>
  <BlockFileSet Type="BlockSrcs" Name="mbblockdesign_dlmb_v10_0"/>
  <BlockFileSet Type="BlockSrcs" Name="mbblockdesign_ilmb_v10_0"/>
  <BlockFileSet Type="BlockSrcs" Name="mbblockdesign_clk_wiz_0_1"/>
  <BlockFileSet Type="BlockSrcs" Name="mbblockdesign_microblaze_0_axi_intc_0"/>
  <BlockFileSet Type="BlockSrcs" Name="mbblockdesign_util_vector_logic_0_0"/>
  <BlockFileSet Type="BlockSrcs" Name="mbblockdesign_ilmb_bram_if_cntlr_0"/>
  <BlockFileSet Type="BlockSrcs" Name="mbblockdesign_lmb_bram_0"/>
  <BlockFileSet Type="BlockSrcs" Name="mbblockdesign_ad_0_0"/>
  <BlockFileSet Type="BlockSrcs" Name="mbblockdesign_axi_timer_0_0"/>
  <BlockFileSet Type="BlockSrcs" Name="mbblockdesign_mdm_1_0"/>
</GenRun>
