<?xml version="1.0" encoding="UTF-8"?>
<GenRun Id="mbblockdesign_axi_timer_0_0_synth_1" LaunchPart="xc7a100tcsg324-1" LaunchTime="1750884044">
  <File Type="VDS-TIMING-PB" Name="mbblockdesign_axi_timer_0_0_timing_summary_synth.pb"/>
  <File Type="VDS-TIMINGSUMMARY" Name="mbblockdesign_axi_timer_0_0_timing_summary_synth.rpt"/>
  <File Type="PA-TCL" Name="mbblockdesign_axi_timer_0_0.tcl"/>
  <File Type="RDS-DCP" Name="mbblockdesign_axi_timer_0_0.dcp"/>
  <File Type="REPORTS-TCL" Name="mbblockdesign_axi_timer_0_0_reports.tcl"/>
  <File Type="RDS-RDS" Name="mbblockdesign_axi_timer_0_0.vds"/>
  <File Type="RDS-PROPCONSTRS" Name="mbblockdesign_axi_timer_0_0_drc_synth.rpt"/>
  <File Type="RDS-UTIL" Name="mbblockdesign_axi_timer_0_0_utilization_synth.rpt"/>
  <File Type="RDS-UTIL-PB" Name="mbblockdesign_axi_timer_0_0_utilization_synth.pb"/>
  <FileSet Name="sources" Type="BlockSrcs" RelSrcDir="$PSRCDIR/mbblockdesign_axi_timer_0_0" RelGenDir="$PGENDIR/mbblockdesign_axi_timer_0_0">
    <File Path="$PSRCDIR/sources_1/bd/mbblockdesign/ip/mbblockdesign_axi_timer_0_0/mbblockdesign_axi_timer_0_0.xci">
      <FileInfo>
        <Attr Name="Library" Val="xil_defaultlib"/>
        <Attr Name="ImportPath" Val="$PPRDIR/../../../../../../1work/fpgaprog/pf_base_mb_bm_min/pf_base_mb_bm_min.srcs/sources_1/bd/mbblockdesign/ip/mbblockdesign_axi_timer_0_0/mbblockdesign_axi_timer_0_0.xci"/>
        <Attr Name="ImportTime" Val="0"/>
        <Attr Name="UsedIn" Val="synthesis"/>
        <Attr Name="UsedIn" Val="implementation"/>
        <Attr Name="UsedIn" Val="simulation"/>
      </FileInfo>
    </File>
    <Config>
      <Option Name="TopModule" Val="mbblockdesign_axi_timer_0_0"/>
      <Option Name="UseBlackboxStub" Val="1"/>
    </Config>
  </FileSet>
  <FileSet Name="constrs_in" Type="BlockSrcs" RelSrcDir="$PSRCDIR/mbblockdesign_axi_timer_0_0" RelGenDir="$PGENDIR/mbblockdesign_axi_timer_0_0">
    <File Path="$PSRCDIR/sources_1/bd/mbblockdesign/ip/mbblockdesign_axi_timer_0_0/mbblockdesign_axi_timer_0_0.xci">
      <FileInfo>
        <Attr Name="Library" Val="xil_defaultlib"/>
        <Attr Name="ImportPath" Val="$PPRDIR/../../../../../../1work/fpgaprog/pf_base_mb_bm_min/pf_base_mb_bm_min.srcs/sources_1/bd/mbblockdesign/ip/mbblockdesign_axi_timer_0_0/mbblockdesign_axi_timer_0_0.xci"/>
        <Attr Name="ImportTime" Val="0"/>
        <Attr Name="UsedIn" Val="synthesis"/>
        <Attr Name="UsedIn" Val="implementation"/>
        <Attr Name="UsedIn" Val="simulation"/>
      </FileInfo>
    </File>
    <Config>
      <Option Name="TopModule" Val="mbblockdesign_axi_timer_0_0"/>
      <Option Name="UseBlackboxStub" Val="1"/>
    </Config>
  </FileSet>
  <FileSet Name="utils" Type="Utils" RelSrcDir="$PSRCDIR/utils_1" RelGenDir="$PGENDIR/utils_1">
    <Filter Type="Utils"/>
    <File Path="$PSRCDIR/utils_1/imports/synth_1/mbblockdesign_wrapper.dcp">
      <FileInfo>
        <Attr Name="ImportPath" Val="$PPRDIR/../../../../../../1work/fpgaprog/pmod-maxsonar-pmod-clp/03_software/combo/pf_base_mb_bm_min/pf_base_mb_bm_min.srcs/utils_1/imports/synth_1/mbblockdesign_wrapper.dcp"/>
        <Attr Name="ImportTime" Val="1722011962"/>
        <Attr Name="UsedIn" Val="synthesis"/>
        <Attr Name="UsedIn" Val="implementation"/>
        <Attr Name="UsedInSteps" Val="synth_1"/>
        <Attr Name="AutoDcp" Val="1"/>
      </FileInfo>
    </File>
    <Config>
      <Option Name="TopAutoSet" Val="TRUE"/>
    </Config>
  </FileSet>
  <Strategy Version="1" Minor="2">
    <StratHandle Name="Vivado Synthesis Defaults" Flow="Vivado Synthesis 2023"/>
    <Step Id="synth_design"/>
  </Strategy>
</GenRun>
