{
  "name": "sw-code",
  "type": "HOST",
  "platform": "/home/xuser/pmod-maxsonar-pmod-clp/Quellcode/src/sw/hw-platform/export/hw-platform/hw-platform.xpfm",
  "domain": "standalone_microblaze_0",
  "cpuInstance": "microblaze_0",
  "cpuType": "microblaze",
  "os": "standalone",
  "configuration": {
    "componentType": "HOST",
    "hostToolchainConfigurations": []
  },
  "domainRealName": "standalone_microblaze_0",
  "applicationFlow": "EMBEDDED",
  "previousBuildStatusMap": {
    "hw": "SUCCESS"
  }
}